{"timestamp": 1760435740.23754, "fps": 7.2, "counts": {"car": 90, "motor": 150, "bus": 2, "truck": 1}, "total": 243}
{"timestamp": 1760435800.23754, "fps": 7.3, "counts": {"car": 181, "motor": 301, "bus": 2, "truck": 1}, "total": 485}
{"timestamp": 1760435860.23754, "fps": 7.4, "counts": {"car": 273, "motor": 453, "bus": 2, "truck": 1}, "total": 729}
{"timestamp": 1760435920.23754, "fps": 7.5, "counts": {"car": 366, "motor": 606, "bus": 2, "truck": 1}, "total": 975}
{"timestamp": 1760435980.23754, "fps": 7.2, "counts": {"car": 460, "motor": 760, "bus": 2, "truck": 1}, "total": 1223}
{"timestamp": 1760436040.23754, "fps": 7.3, "counts": {"car": 555, "motor": 915, "bus": 2, "truck": 1}, "total": 1473}
{"timestamp": 1760436100.23754, "fps": 7.4, "counts": {"car": 651, "motor": 1071, "bus": 2, "truck": 1}, "total": 1725}
{"timestamp": 1760436160.23754, "fps": 7.5, "counts": {"car": 741, "motor": 1228, "bus": 2, "truck": 1}, "total": 1972}
{"timestamp": 1760436220.23754, "fps": 7.2, "counts": {"car": 832, "motor": 1386, "bus": 2, "truck": 1}, "total": 2221}
{"timestamp": 1760436280.23754, "fps": 7.3, "counts": {"car": 924, "motor": 1545, "bus": 2, "truck": 1}, "total": 2472}
{"timestamp": 1760436340.23754, "fps": 7.4, "counts": {"car": 1017, "motor": 1705, "bus": 4, "truck": 1}, "total": 2727}
{"timestamp": 1760436400.23754, "fps": 7.5, "counts": {"car": 1111, "motor": 1855, "bus": 4, "truck": 1}, "total": 2971}
{"timestamp": 1760436460.23754, "fps": 7.2, "counts": {"car": 1206, "motor": 2006, "bus": 4, "truck": 1}, "total": 3217}
{"timestamp": 1760436520.23754, "fps": 7.3, "counts": {"car": 1302, "motor": 2158, "bus": 4, "truck": 2}, "total": 3466}
{"timestamp": 1760436580.23754, "fps": 7.4, "counts": {"car": 1392, "motor": 2311, "bus": 4, "truck": 2}, "total": 3709}
{"timestamp": 1760436640.23754, "fps": 7.5, "counts": {"car": 1483, "motor": 2465, "bus": 4, "truck": 2}, "total": 3954}
{"timestamp": 1760436700.23754, "fps": 7.2, "counts": {"car": 1575, "motor": 2620, "bus": 4, "truck": 2}, "total": 4201}
{"timestamp": 1760436760.23754, "fps": 7.3, "counts": {"car": 1668, "motor": 2776, "bus": 4, "truck": 2}, "total": 4450}
{"timestamp": 1760436820.23754, "fps": 7.4, "counts": {"car": 1762, "motor": 2933, "bus": 4, "truck": 2}, "total": 4701}
{"timestamp": 1760436880.23754, "fps": 7.5, "counts": {"car": 1857, "motor": 3091, "bus": 4, "truck": 2}, "total": 4954}
{"timestamp": 1760436940.23754, "fps": 7.2, "counts": {"car": 1953, "motor": 3250, "bus": 6, "truck": 2}, "total": 5211}
{"timestamp": 1760437000.23754, "fps": 7.3, "counts": {"car": 2043, "motor": 3410, "bus": 6, "truck": 2}, "total": 5461}
{"timestamp": 1760437060.23754, "fps": 7.4, "counts": {"car": 2134, "motor": 3560, "bus": 6, "truck": 2}, "total": 5702}
{"timestamp": 1760437120.23754, "fps": 7.5, "counts": {"car": 2226, "motor": 3711, "bus": 6, "truck": 2}, "total": 5945}
{"timestamp": 1760437180.23754, "fps": 7.2, "counts": {"car": 2319, "motor": 3863, "bus": 6, "truck": 2}, "total": 6190}
{"timestamp": 1760437240.23754, "fps": 7.3, "counts": {"car": 2413, "motor": 4016, "bus": 6, "truck": 2}, "total": 6437}
{"timestamp": 1760437300.23754, "fps": 7.4, "counts": {"car": 2508, "motor": 4170, "bus": 6, "truck": 3}, "total": 6687}
{"timestamp": 1760437360.23754, "fps": 7.5, "counts": {"car": 2604, "motor": 4325, "bus": 6, "truck": 3}, "total": 6938}
{"timestamp": 1760437420.23754, "fps": 7.2, "counts": {"car": 2694, "motor": 4481, "bus": 6, "truck": 3}, "total": 7184}
{"timestamp": 1760437480.23754, "fps": 7.3, "counts": {"car": 2785, "motor": 4638, "bus": 6, "truck": 3}, "total": 7432}
{"timestamp": 1760437540.23754, "fps": 7.4, "counts": {"car": 2877, "motor": 4796, "bus": 8, "truck": 3}, "total": 7684}
{"timestamp": 1760437600.23754, "fps": 7.5, "counts": {"car": 2970, "motor": 4955, "bus": 8, "truck": 3}, "total": 7936}
{"timestamp": 1760437660.23754, "fps": 7.2, "counts": {"car": 3064, "motor": 5115, "bus": 8, "truck": 3}, "total": 8190}
{"timestamp": 1760437720.23754, "fps": 7.3, "counts": {"car": 3159, "motor": 5265, "bus": 8, "truck": 3}, "total": 8435}
{"timestamp": 1760437780.23754, "fps": 7.4, "counts": {"car": 3255, "motor": 5416, "bus": 8, "truck": 3}, "total": 8682}
{"timestamp": 1760437840.23754, "fps": 7.5, "counts": {"car": 3345, "motor": 5568, "bus": 8, "truck": 3}, "total": 8924}
{"timestamp": 1760437900.23754, "fps": 7.2, "counts": {"car": 3436, "motor": 5721, "bus": 8, "truck": 3}, "total": 9168}
{"timestamp": 1760437960.23754, "fps": 7.3, "counts": {"car": 3528, "motor": 5875, "bus": 8, "truck": 3}, "total": 9414}
{"timestamp": 1760438020.23754, "fps": 7.4, "counts": {"car": 3621, "motor": 6030, "bus": 8, "truck": 3}, "total": 9662}
{"timestamp": 1760438080.23754, "fps": 7.5, "counts": {"car": 3715, "motor": 6186, "bus": 8, "truck": 4}, "total": 9913}
{"timestamp": 1760438140.23754, "fps": 7.2, "counts": {"car": 3810, "motor": 6343, "bus": 8, "truck": 4}, "total": 10165}
{"timestamp": 1760438200.23754, "fps": 7.3, "counts": {"car": 3906, "motor": 6501, "bus": 8, "truck": 4}, "total": 10419}
{"timestamp": 1760438260.23754, "fps": 7.4, "counts": {"car": 3996, "motor": 6660, "bus": 8, "truck": 4}, "total": 10668}
{"timestamp": 1760438320.23754, "fps": 7.5, "counts": {"car": 4087, "motor": 6820, "bus": 8, "truck": 4}, "total": 10919}
{"timestamp": 1760438380.23754, "fps": 7.2, "counts": {"car": 4179, "motor": 6970, "bus": 8, "truck": 4}, "total": 11161}
{"timestamp": 1760438440.23754, "fps": 7.3, "counts": {"car": 4272, "motor": 7121, "bus": 8, "truck": 4}, "total": 11405}
{"timestamp": 1760438500.23754, "fps": 7.4, "counts": {"car": 4366, "motor": 7273, "bus": 8, "truck": 4}, "total": 11651}
{"timestamp": 1760438560.23754, "fps": 7.5, "counts": {"car": 4461, "motor": 7426, "bus": 8, "truck": 4}, "total": 11899}
{"timestamp": 1760438620.23754, "fps": 7.2, "counts": {"car": 4557, "motor": 7580, "bus": 8, "truck": 4}, "total": 12149}
{"timestamp": 1760438680.23754, "fps": 7.3, "counts": {"car": 4647, "motor": 7735, "bus": 8, "truck": 4}, "total": 12394}
{"timestamp": 1760438740.23754, "fps": 7.4, "counts": {"car": 4738, "motor": 7891, "bus": 10, "truck": 4}, "total": 12643}
{"timestamp": 1760438800.23754, "fps": 7.5, "counts": {"car": 4830, "motor": 8048, "bus": 10, "truck": 4}, "total": 12892}
{"timestamp": 1760438860.23754, "fps": 7.2, "counts": {"car": 4923, "motor": 8206, "bus": 10, "truck": 5}, "total": 13144}
{"timestamp": 1760438920.23754, "fps": 7.3, "counts": {"car": 5017, "motor": 8365, "bus": 10, "truck": 5}, "total": 13397}
{"timestamp": 1760438980.23754, "fps": 7.4, "counts": {"car": 5112, "motor": 8525, "bus": 10, "truck": 5}, "total": 13652}
{"timestamp": 1760439040.23754, "fps": 7.5, "counts": {"car": 5208, "motor": 8675, "bus": 10, "truck": 5}, "total": 13898}
{"timestamp": 1760439100.23754, "fps": 7.2, "counts": {"car": 5298, "motor": 8826, "bus": 10, "truck": 5}, "total": 14139}
{"timestamp": 1760439160.23754, "fps": 7.3, "counts": {"car": 5389, "motor": 8978, "bus": 10, "truck": 5}, "total": 14382}
{"timestamp": 1760439220.23754, "fps": 7.4, "counts": {"car": 5481, "motor": 9131, "bus": 10, "truck": 5}, "total": 14627}
{"timestamp": 1760439280.23754, "fps": 7.5, "counts": {"car": 5574, "motor": 9285, "bus": 10, "truck": 5}, "total": 14874}