{"timestamp": 1764242579.831803, "fps": 3.7, "counts": {"motor": 15, "truck": 2, "car": 7}, "total": 24}
{"timestamp": 1764242586.642673, "fps": 4.0, "counts": {"motor": 18, "truck": 2, "car": 7}, "total": 27}
