{"timestamp": 1764297693.866771, "fps": 20.3, "counts": {"truck": 12, "motor": 73, "car": 56, "bus": 1}, "total": 142}
{"timestamp": 1764297748.078105, "fps": 18.5, "counts": {"truck": 15, "motor": 149, "car": 118, "bus": 3}, "total": 285}
